zero_org_interval,coupling_interval,coupling_rmsd,global_rmsd_projections,global_rmsd,algmnt_score
1_32,20_63,0.63813378952484,2.27925811864926,1.91146888585384,199.596798056647
31_62,47_90,1.20239787508129,2.24649034680919,1.91146888585384,214.264334194194
61_92,75_123,2.16794667501631,3.2372934437999,1.91146888585384,231.484806364471
91_122,106_155,0.931959288480251,2.43047496283618,1.91146888585384,219.450687020501
121_152,138_186,1.20671948932879,3.23640656271017,1.91146888585384,202.348068030559
151_182,168_214,2.64555155979912,2.96324075060258,1.91146888585384,186.544523461246
181_212,197_242,1.62369590162456,2.06441006088202,1.91146888585384,187.245273435771
211_242,225_260,1.02713093445857,2.72808647204259,1.91146888585384,185.60725876277
