zero_org_interval,coupling_interval,coupling_rmsd,global_rmsd_projections,global_rmsd,algmnt_score
1_32,1_41,0.55678439872779,2.20933116518376,1.96060127427478,196.957125276316
31_62,21_68,1.07365224816977,2.18253716087464,1.96060127427478,191.170330065914
61_92,52_101,2.08491322316977,2.89603491726847,1.96060127427478,220.672034879691
91_122,84_139,1.02820655866063,2.4717299133059,1.96060127427478,225.376760996791
121_152,122_157,2.63635568270184,19.8275464828269,1.96060127427478,163.328608330733
151_182,141_183,0.188679244070081,3.93647514819498,1.96060127427478,170.019634393329
181_212,165_210,1.60972397811373,2.15356870611887,1.96060127427478,185.473715576993
211_242,193_228,1.1638978692308,2.717309993123,1.96060127427478,186.672220680213
