zero_org_interval,coupling_interval,coupling_rmsd,global_rmsd_projections,global_rmsd,algmnt_score
1_32,1_41,0.54247986137736,2.12472256208985,1.78391011066332,202.400889660976
31_62,25_68,0.991016494468025,2.21747270668165,1.78391011066332,213.59497115108
61_92,52_101,0.876486296112339,2.43289699941368,1.78391011066332,200.350173921706
91_122,84_133,0.739558057220662,2.42123358097862,1.78391011066332,210.547336072192
121_152,116_164,1.06542312929861,3.055876860308,1.78391011066332,203.215250332598
151_182,146_193,2.81414845546779,3.85660961239779,1.78391011066332,169.483025795116
181_212,176_220,1.6657573281215,1.9423915030754,1.78391011066332,193.567120438781
211_242,203_239,1.22720448581318,2.31275191798566,1.78391011066332,172.685713403662
