zero_org_interval,coupling_interval,coupling_rmsd,global_rmsd_projections,global_rmsd,algmnt_score
1_32,8_53,0.583601462186882,2.24748799670583,1.74274479179438,192.613906599524
31_62,33_80,1.24168038633868,2.01146925137393,1.74274479179438,215.16119098135
61_92,65_113,0.840322232566445,2.68215528329934,1.74274479179438,233.026603393861
91_122,96_145,0.727994285691859,2.3069003664047,1.74274479179438,234.330333336504
121_152,128_176,1.14940855966755,3.10105447885538,1.74274479179438,204.985153672468
151_182,158_204,2.75273050301373,3.30143208759707,1.74274479179438,190.681086589024
181_212,187_232,1.63220137646472,2.2571359345292,1.74274479179438,186.560059392373
211_242,215_250,0.65914148708756,3.04152203001513,1.74274479179438,185.60725876277
