zero_org_interval,coupling_interval,coupling_rmsd,global_rmsd_projections,global_rmsd,algmnt_score
1_32,1_35,0.210121790080578,1.85805355624028,1.50761150183865,239.979078502316
31_62,18_65,0.308252169497637,1.88986541155965,1.50761150183865,250.673493858074
61_92,48_95,0.301410550578443,2.50321134043471,1.50761150183865,223.76146815563
91_122,78_123,0.670011087328305,1.96158587824701,1.50761150183865,222.708744922027
121_152,106_153,0.761752379385847,1.93484282153554,1.50761150183865,287.481072070154
151_182,136_183,0.378872317982369,1.85523844892805,1.50761150183865,214.736710492313
181_212,166_213,0.606366900631802,1.95687967121616,1.50761150183865,196.179506743471
211_242,196_245,0.422280148490932,1.89171681048497,1.50761150183865,248.505339059468
241_272,228_279,0.670341299886359,2.00429105742084,1.50761150183865,249.405590323062
271_302,-1_-1,99,99,1.50761150183865,99
301_332,197_317,0.534736660699728,2.12074741920659,1.50761150183865,186.227635743031
331_362,300_347,0.349961738980135,2.01102121652988,1.50761150183865,281.878084013847
361_392,330_369,3.04182217867295,4.94394397247544,1.50761150183865,168.333008134953
391_422,352_398,1.85761581065623,3.44634421991519,1.50761150183865,194.57412563681
421_452,-1_-1,99,99,1.50761150183865,99
451_482,104_121,2.57577000137823,13.4694085158873,1.50761150183865,121.322582031472
