zero_org_interval,coupling_interval,coupling_rmsd,global_rmsd_projections,global_rmsd,algmnt_score
64_135,51_136,0.672118305558379,1.98700530605973,1.50761150183865,522.864175973258
305_323,274_308,0.737890768145452,2.20348283635681,1.50761150183865,114.219513947656
438_502,107_121,2.57577000137823,13.4694085158873,1.50761150183865,107.982447888279
