zero_org_interval,coupling_interval,coupling_rmsd,global_rmsd_projections,global_rmsd,algmnt_score
1_32,4_48,0.227918479578408,1.97469622393655,1.5382756847578,258.500722269628
31_62,31_76,0.456826767661631,2.08648023945451,1.5382756847578,235.588638924594
61_92,59_108,0.477561010257871,2.45890146625108,1.5382756847578,221.883479291928
91_122,91_139,0.615270581849066,1.84898678252475,1.5382756847578,218.79325001283
121_152,119_168,0.598871170262377,1.96469970553437,1.5382756847578,268.380992942599
151_182,151_198,0.522027468069789,1.8922058016325,1.5382756847578,249.175506336327
181_212,181_226,3.14480294635905,4.53139722065297,1.5382756847578,202.970376208465
211_242,210_258,0.22718209850768,1.97862857854355,1.5382756847578,243.998263032822
241_272,240_292,0.533582518780204,1.96727168384257,1.5382756847578,244.670831248868
271_302,-1_-1,99,99,1.5382756847578,99
301_332,210_330,0.294099603745188,1.94776930806475,1.5382756847578,209.171487474442
331_362,313_360,0.393497855775607,1.97632995510957,1.5382756847578,279.136410050248
361_392,343_382,0.389555729859883,1.68719549917578,1.5382756847578,186.44363608433
391_422,365_411,0.295385797273277,1.99063199839869,1.5382756847578,207.17389761252
421_452,-1_-1,99,99,1.5382756847578,99
451_482,118_136,1.63362225335806,19.1332096080477,1.5382756847578,120.739230248143
