zero_org_interval,coupling_interval,coupling_rmsd,global_rmsd_projections,global_rmsd,algmnt_score
64_135,62_151,0.848804536009839,1.98140032398868,1.5382756847578,513.615111511926
305_323,287_321,0.268309522753107,2.02642986028595,1.5382756847578,118.176018398467
438_502,122_136,0.735824027876231,13.8582800037229,1.5382756847578,106.787139641965
