zero_org_interval,coupling_interval,coupling_rmsd,global_rmsd_projections,global_rmsd,algmnt_score
1_32,44_88,0.165972136215691,1.89121102422182,1.34376874216974,261.377083726944
31_62,71_118,0.404257829679455,1.93635029746027,1.34376874216974,241.699401382841
61_92,101_148,0.417425801789971,2.28727827491692,1.34376874216974,237.8245440155
91_122,131_178,0.473111641158828,1.57506510661943,1.34376874216974,229.155410802278
121_152,159_208,0.615124058335274,2.00528192920986,1.34376874216974,276.589482175311
151_182,191_238,0.4984547789586,1.82430864769151,1.34376874216974,263.78397807121
181_212,221_266,2.03355545781274,3.23918370273439,1.34376874216974,185.504891076295
211_242,249_297,0.309355397406869,1.67916526345145,1.34376874216974,266.819760734266
241_272,280_331,0.566993827126892,1.62954426558885,1.34376874216974,241.814990183387
271_302,-1_-1,99,99,1.34376874216974,99
301_332,249_369,0.345869361731587,1.82923914999321,1.34376874216974,203.17179812927
331_362,352_399,0.396941116539972,1.76935659315858,1.34376874216974,276.016546157389
361_392,382_421,3.63764260888834,14.5215204196151,1.34376874216974,173.167896147419
391_422,404_450,0.320376701352065,1.7968082262172,1.34376874216974,203.285169284952
421_452,-1_-1,99,99,1.34376874216974,99
451_482,158_176,1.1718314014112,21.7790177252804,1.34376874216974,124.266979260002
