zero_org_interval,coupling_interval,coupling_rmsd,global_rmsd_projections,global_rmsd,algmnt_score
64_135,104_191,0.746206010907367,2.07685660490977,1.34376874216974,557.545282868195
305_323,326_360,0.290739144251337,1.96895778135153,1.34376874216974,114.544223571684
438_502,-1_-1,99,99,1.34376874216974,99
