zero_org_interval,coupling_interval,coupling_rmsd,global_rmsd_projections,global_rmsd,algmnt_score
64_135,49_134,0.851577927536093,1.85528951412705,1.28421738977757,484.048131904473
305_323,272_306,0.463790901161288,1.64131174452584,1.28421738977757,113.750079443678
438_502,105_119,3.12661313031636,19.3960897964406,1.28421738977757,99.8842048082236
