zero_org_interval,coupling_interval,coupling_rmsd,global_rmsd_projections,global_rmsd,algmnt_score
1_32,1_35,0.321316432819736,1.75072822203887,1.28421738977757,244.354382913005
31_62,18_63,0.457528095676466,1.86683828383541,1.28421738977757,222.686139770864
61_92,45_93,1.85487398493806,2.62304667469055,1.28421738977757,206.547877268901
91_122,76_121,2.8733681513745,16.3976584485551,1.28421738977757,195.662529633674
121_152,104_151,1.32826775567625,1.91607568882532,1.28421738977757,255.102687397798
151_182,134_181,0.58552667221141,1.4681702435609,1.28421738977757,258.384890794917
181_212,164_210,1.8701064140845,4.13001711523915,1.28421738977757,177.74138882644
211_242,194_242,0.301817904735699,1.59079374765329,1.28421738977757,227.851032950088
241_272,225_276,0.344287947038798,1.81561064999147,1.28421738977757,214.447942105423
271_302,-1_-1,99,99,1.28421738977757,99
301_332,195_315,0.468114264133998,1.60077804808265,1.28421738977757,203.988709998136
331_362,298_345,0.387211021279095,1.77414713545761,1.28421738977757,282.458502888651
361_392,328_367,1.8493227138604,2.56865171336938,1.28421738977757,159.130626225795
391_422,350_396,0.257289858775218,1.65090169438727,1.28421738977757,186.830773943476
421_452,-1_-1,99,99,1.28421738977757,99
451_482,102_119,3.12078208886072,17.902574854583,1.28421738977757,115.893962667765
