zero_org_interval,coupling_interval,coupling_rmsd,global_rmsd_projections,global_rmsd,algmnt_score
1_32,1_35,0.3354578339126,2.50802822457993,1.52718904853374,241.721828309039
31_62,18_60,0.324716902342127,2.52776477862593,1.52718904853374,258.458233016525
61_92,48_95,0.473318037143858,4.21485455397893,1.52718904853374,247.568160511602
91_122,78_133,1.61934623700249,2.14897818494796,1.52718904853374,193.707816346607
121_152,118_157,2.79838039095831,8.56701873623649,1.52718904853374,180.358695341995
151_182,140_187,0.633512430817265,2.0279996839612,1.52718904853374,224.813907248858
181_212,170_216,0.961465993752695,1.97783966326665,1.52718904853374,190.122751262598
211_242,200_248,0.253101082365794,1.77659603919588,1.52718904853374,237.883415526237
241_272,231_282,0.1773368264067,1.99352847385278,1.52718904853374,230.77150198192
271_302,-1_-1,99,99,1.52718904853374,99
301_332,200_320,0.466302437226059,1.83723293911983,1.52718904853374,201.130864086918
331_362,303_350,0.320161482692719,1.69396129835037,1.52718904853374,276.225250496071
361_392,333_372,0.182993442505463,1.65140454786069,1.52718904853374,162.184761133265
391_422,355_401,0.274111030684387,22.0368447371467,1.52718904853374,184.979791487613
421_452,-1_-1,99,99,1.52718904853374,99
451_482,104_127,1.07798484837837,29.0155449219843,1.52718904853374,140.814336748809
