zero_org_interval,coupling_interval,coupling_rmsd,global_rmsd_projections,global_rmsd,algmnt_score
64_135,48_145,3.16355114729294,6.32104677532981,1.52718904853374,482.035617709558
305_323,277_311,0.407078548248916,2.05937020304865,1.52718904853374,120.06953550382
438_502,-1_-1,99,99,1.52718904853374,99
