zero_org_interval,coupling_interval,coupling_rmsd,global_rmsd_projections,global_rmsd,algmnt_score
1_32,11_54,0.680747934260545,2.24922248434674,1.69987930387051,177.296784010538
31_62,34_81,1.20598019689136,2.05552291096451,1.69987930387051,212.436377674706
61_92,65_114,2.09366569339861,2.9747420161251,1.69987930387051,213.535001269903
91_122,97_146,0.721192706563232,2.29200167702818,1.69987930387051,230.123041696952
121_152,129_177,1.11058882511105,2.84715571288419,1.69987930387051,213.27924719233
151_182,159_206,1.99235928950115,2.87126436356086,1.69987930387051,179.382570338912
181_212,188_233,1.65309046795331,2.07022448277739,1.69987930387051,197.118832534776
211_242,216_251,0.824294673240907,2.15012547466844,1.69987930387051,182.016731872473
