zero_org_interval,coupling_interval,coupling_rmsd,global_rmsd_projections,global_rmsd,algmnt_score
1_32,1_35,0.309571949095306,2.07697178160175,1.43186454256657,239.276342421591
31_62,18_65,0.539210997662325,2.05871095558235,1.43186454256657,252.494604266247
61_92,47_95,0.439263474466066,2.4521064762054,1.43186454256657,258.294828092652
91_122,78_127,1.42071361521969,2.37089774330632,1.43186454256657,230.285172759456
121_152,108_157,0.587231275928464,1.9139578589945,1.43186454256657,272.684722571967
151_182,140_187,0.456575998993752,1.84266525416524,1.43186454256657,236.918068576797
181_212,170_223,3.02799675693353,2.90572081603702,1.43186454256657,183.620678350759
211_242,207_255,0.388489499097583,1.81138257869959,1.43186454256657,219.578457374928
241_272,238_289,0.559976785233102,1.81512083671505,1.43186454256657,233.981058485414
271_302,-1_-1,99,99,1.43186454256657,99
301_332,208_327,0.39856526345226,1.86354109231065,1.43186454256657,189.480587889485
331_362,310_357,0.30162971317655,1.93619552276858,1.43186454256657,261.422156188294
361_392,340_379,0.227279123546356,1.69992985801894,1.43186454256657,168.49896479718
391_422,362_408,0.353447220246531,2.51828694212294,1.43186454256657,207.749968231073
421_452,-1_-1,99,99,1.43186454256657,99
451_482,107_125,2.39475904320247,9.07725760897303,1.43186454256657,130.228736904466
