zero_org_interval,coupling_interval,coupling_rmsd,global_rmsd_projections,global_rmsd,algmnt_score
64_135,51_140,0.72730175637598,1.97179122235935,1.43186454256657,566.923949858237
305_323,284_318,0.28425208882258,2.10842562861471,1.43186454256657,103.324455586527
438_502,-1_-1,99,99,1.43186454256657,99
