zero_org_interval,coupling_interval,coupling_rmsd,global_rmsd_projections,global_rmsd,algmnt_score
1_32,8_51,0.538467950144977,2.21127098188575,1.84675211949599,183.745025977043
31_62,31_78,1.07470039235749,2.22148914590657,1.84675211949599,191.425955501401
61_92,63_111,2.11051233624174,3.16092103698122,1.84675211949599,214.343316788809
91_122,94_143,0.708747938268606,2.32934909864328,1.84675211949599,210.048817179178
121_152,126_174,1.4099164868885,3.24767490433756,1.84675211949599,207.563726304097
151_182,156_203,2.14964904112276,2.97229795648619,1.84675211949599,190.309173977697
181_212,185_230,1.58121493373503,2.06299216432122,1.84675211949599,188.848444017454
211_242,213_248,0.641795567139568,2.43874367985662,1.84675211949599,174.151779347583
